<?xml version="1.0" encoding="utf-8" ?>
<employee>
	<person name="Manish">
		<post>Java Developer</post>
		<department>Development</department>
		<mobileno>8785685868</mobileno>
		<city>Delhi</city>
		<age>26</age>
	</person>
	<person name="Rahul">
		<post>Manager</post>
		<department>Account</department>
		<mobileno>453543546</mobileno>
		<city>Banglore</city>
		<age>30</age>
	</person>
	<person name="Ritesh">
		<post>PHP Developer</post>
		<department>Development</department>
		<mobileno>567457457</mobileno>
		<city>Mumbai</city>
		<age>28</age>
	</person>
	<person name="Amit">
		<post>Engineer</post>
		<department>Civil</department>
		<mobileno>435464666</mobileno>
		<city>Noida</city>
		<age>35</age>
	</person>
</employee>